orderId,paymentId,shipmentId,orderTime,paymentTime,shipmentTime
O2,P1,S1,10,54,106
O3,P2,S3,20,86,26
O3,P2,S4,20,86,62
O4,P3,S5,30,42,84
O6,P5,S8,50,98,53
O7,P7,S9,60,66,73
O9,P10,S11,80,127,133
O10,P11,S12,90,101,135
O14,P15,S13,130,146,141
O15,P17,S14,140,146,146
O18,P21,S17,170,221,175
O18,P21,S18,170,221,178
O19,P22,S19,180,228,270
O20,P24,S20,190,261,213
O21,P25,S21,200,253,296
O22,P26,S23,210,275,212
O24,P28,S25,230,268,326
O25,P30,S26,240,243,325
O26,P32,S27,250,289,254
O28,P36,S29,270,270,319
O33,P43,S33,320,384,348
O35,P45,S35,340,368,401
O36,P46,S36,350,387,414
O37,P47,S37,360,426,449
O39,P50,S40,380,419,448
O42,P53,S43,410,470,446
O43,P54,S44,420,497,482
O45,P57,S46,440,506,460
O48,P60,S49,470,520,505
O49,P61,S50,480,544,571
O50,P62,S51,490,555,518
O50,P62,S52,490,555,520
