paymentId,orderId,status,amount,t
P1,O1,PAID,180.0,20
P2,O2,PAID,520.0,32
P3,O3,PAID,69.0,40
P4,O4,PAID,326.0,49
P6,O6,PAID,450.0,72
P7,O7,PAID,293.0,82
P8,O8,PAID,437.0,88
P5,O5,PAID,506.0,94
P11,O11,PAID,429.0,124
P10,O10,PAID,262.0,125
P9,O9,PAID,480.0,130
P12,O12,PAID,525.0,146
P13,O13,PAID,207.0,148
P14,O14,PAID,108.0,153
P15,O15,PAID,263.0,165
P16,O16,PAID,447.0,167
P18,O18,PAID,325.0,197
P17,O17,PAID,144.0,215
P19,O19,PAID,503.0,231
P20,O20,PAID,536.0,235
P21,O21,PAID,250.0,265
P22,O22,PAID,357.0,274
P23,O23,PAID,448.0,300
P24,O24,PAID,473.0,306
P25,O25,PAID,279.0,307
P31,O31,PAID,296.0,319
P26,O26,PAID,420.0,321
P27,O27,PAID,533.0,322
P32,O32,PAID,202.0,331
P28,O28,PAID,325.0,333
P29,O29,PAID,147.0,342
P34,O34,PAID,288.0,367
P30,O30,PAID,356.0,376
P33,O33,PAID,483.0,379
P35,O35,PAID,75.0,381
P37,O37,PAID,454.0,404
P36,O36,PAID,423.0,408
P44,O40,PAID,546.0,410
P41,O39,FAILED,71.0,413
P39,O39,PAID,71.0,415
P38,O38,PAID,497.0,420
P40,O39,FAILED,71.0,431
P42,O40,PAID,546.0,434
P47,O42,PAID,546.0,435
P45,O41,PAID,374.0,436
P50,O43,FAILED,324.0,443
P46,O41,PAID,374.0,457
P52,O44,PAID,343.0,460
P51,O44,PAID,343.0,466
P43,O40,FAILED,546.0,471
P49,O43,PAID,324.0,473
P56,O46,PAID,541.0,473
P57,O46,FAILED,541.0,474
P53,O45,PAID,343.0,488
P58,O46,FAILED,541.0,489
P48,O42,PAID,546.0,490
P61,O48,PAID,393.0,504
P54,O45,PAID,343.0,509
P64,O49,PAID,168.0,510
P59,O47,PAID,409.0,519
P55,O45,FAILED,343.0,520
P62,O48,FAILED,393.0,534
P66,O51,PAID,280.0,534
P67,O52,PAID,509.0,534
P68,O53,PAID,115.0,536
P65,O50,PAID,536.0,542
P60,O47,FAILED,409.0,546
P63,O48,FAILED,393.0,548
P70,O55,PAID,502.0,570
P69,O54,PAID,209.0,579
P71,O56,PAID,68.0,594
P72,O57,PAID,291.0,616
P74,O58,PAID,119.0,621
P76,O59,PAID,534.0,631
P73,O57,PAID,291.0,638
P75,O58,PAID,119.0,644
P80,O61,PAID,179.0,647
P78,O60,PAID,350.0,648
P84,O63,PAID,159.0,657
P85,O64,PAID,57.0,661
P77,O59,PAID,534.0,664
P82,O62,PAID,187.0,664
P81,O61,PAID,179.0,667
P86,O65,PAID,61.0,669
P79,O60,PAID,350.0,676
P87,O66,PAID,392.0,694
P88,O67,PAID,509.0,695
P83,O62,PAID,187.0,697
